-- ============================================
-- 图灵数智概念验证平台 - 测试数据
-- ============================================
-- 说明：
-- 1. 此脚本包含完整的测试数据，覆盖所有功能模块
-- 2. 所有密码统一为 "123456"（bcrypt 哈希值）
-- 3. 执行前请确保已运行 INIT_DATABASE.sql 和数据库迁移
-- 4. 执行方式：mysql -u poc_user -pnucifera poc_platform < TEST_DATA.sql
-- ============================================

USE poc_platform;

-- 清空现有数据（可选，谨慎使用）
-- SET FOREIGN_KEY_CHECKS = 0;
-- TRUNCATE TABLE ResourceApplication;
-- TRUNCATE TABLE IncubationResource;
-- TRUNCATE TABLE SupportIntention;
-- TRUNCATE TABLE IncubationComment;
-- TRUNCATE TABLE Milestone;
-- TRUNCATE TABLE ProofOfConcept;
-- TRUNCATE TABLE IncubationRecord;
-- TRUNCATE TABLE Notification;
-- TRUNCATE TABLE AchievementOfProject;
-- TRUNCATE TABLE Achievement;
-- TRUNCATE TABLE AuditRecord;
-- TRUNCATE TABLE ReviewOpinion;
-- TRUNCATE TABLE ReviewTask;
-- TRUNCATE TABLE Expenditure;
-- TRUNCATE TABLE FundRecord;
-- TRUNCATE TABLE Project;
-- TRUNCATE TABLE UserInTeam;
-- TRUNCATE TABLE Team;
-- TRUNCATE TABLE User;
-- SET FOREIGN_KEY_CHECKS = 1;

-- ============================================
-- 1. 用户数据 (User)
-- ============================================
-- 密码统一为 "123456" (bcrypt 哈希已生成)
INSERT INTO `User` (user_id, user_name, password_hash, real_name, role, affiliation, email, user_profile) VALUES
-- 管理员
(1, 'admin', '$2b$12$PiUjV0fVjK/6b7pVkKh4IuZzcDgiuC2dnZUXIJPFdp/VczAot7TE.', '系统管理员', '管理员', '图灵数智平台', 'admin@poc-platform.com', '系统管理员账户'),

-- 秘书
(2, 'secretary01', '$2b$12$PiUjV0fVjK/6b7pVkKh4IuZzcDgiuC2dnZUXIJPFdp/VczAot7TE.', '张秘书', '秘书', '图灵数智平台', 'secretary01@poc-platform.com', '负责项目初审和任务分配'),

-- 评审人
(3, 'reviewer01', '$2b$12$PiUjV0fVjK/6b7pVkKh4IuZzcDgiuC2dnZUXIJPFdp/VczAot7TE.', '李教授', '评审人', '清华大学', 'reviewer01@tsinghua.edu.cn', '人工智能领域专家'),
(4, 'reviewer02', '$2b$12$PiUjV0fVjK/6b7pVkKh4IuZzcDgiuC2dnZUXIJPFdp/VczAot7TE.', '王教授', '评审人', '北京大学', 'reviewer02@pku.edu.cn', '机器学习领域专家'),
(5, 'reviewer03', '$2b$12$PiUjV0fVjK/6b7pVkKh4IuZzcDgiuC2dnZUXIJPFdp/VczAot7TE.', '赵教授', '评审人', '中科院', 'reviewer03@cas.ac.cn', '数据科学领域专家'),

-- 项目参与者（项目负责人）
(6, 'principal01', '$2b$12$PiUjV0fVjK/6b7pVkKh4IuZzcDgiuC2dnZUXIJPFdp/VczAot7TE.', '陈博士', '项目参与者', '清华大学', 'principal01@tsinghua.edu.cn', '智能医疗项目负责人'),
(7, 'principal02', '$2b$12$PiUjV0fVjK/6b7pVkKh4IuZzcDgiuC2dnZUXIJPFdp/VczAot7TE.', '刘博士', '项目参与者', '北京大学', 'principal02@pku.edu.cn', '自动驾驶项目负责人'),
(8, 'principal03', '$2b$12$PiUjV0fVjK/6b7pVkKh4IuZzcDgiuC2dnZUXIJPFdp/VczAot7TE.', '周博士', '项目参与者', '中科院', 'principal03@cas.ac.cn', '区块链应用项目负责人'),
(9, 'principal04', '$2b$12$PiUjV0fVjK/6b7pVkKh4IuZzcDgiuC2dnZUXIJPFdp/VczAot7TE.', '吴博士', '项目参与者', '清华大学', 'principal04@tsinghua.edu.cn', '新能源技术项目负责人'),
(10, 'principal05', '$2b$12$PiUjV0fVjK/6b7pVkKh4IuZzcDgiuC2dnZUXIJPFdp/VczAot7TE.', '郑博士', '项目参与者', '北京大学', 'principal05@pku.edu.cn', '物联网应用项目负责人'),

-- 团队成员
(11, 'member01', '$2b$12$PiUjV0fVjK/6b7pVkKh4IuZzcDgiuC2dnZUXIJPFdp/VczAot7TE.', '孙同学', '项目参与者', '清华大学', 'member01@tsinghua.edu.cn', '团队成员'),
(12, 'member02', '$2b$12$PiUjV0fVjK/6b7pVkKh4IuZzcDgiuC2dnZUXIJPFdp/VczAot7TE.', '钱同学', '项目参与者', '北京大学', 'member02@pku.edu.cn', '团队成员'),
(13, 'member03', '$2b$12$PiUjV0fVjK/6b7pVkKh4IuZzcDgiuC2dnZUXIJPFdp/VczAot7TE.', '冯同学', '项目参与者', '中科院', 'member03@cas.ac.cn', '团队成员'),

-- 企业支持者
(14, 'supporter01', '$2b$12$PiUjV0fVjK/6b7pVkKh4IuZzcDgiuC2dnZUXIJPFdp/VczAot7TE.', '华为技术有限公司', '企业支持者', '华为技术', 'supporter01@huawei.com', '提供技术支持和产业资源'),
(15, 'supporter02', '$2b$12$PiUjV0fVjK/6b7pVkKh4IuZzcDgiuC2dnZUXIJPFdp/VczAot7TE.', '阿里巴巴集团', '企业支持者', '阿里巴巴', 'supporter02@alibaba.com', '提供云计算和供应链服务'),
(16, 'supporter03', '$2b$12$PiUjV0fVjK/6b7pVkKh4IuZzcDgiuC2dnZUXIJPFdp/VczAot7TE.', '腾讯科技', '企业支持者', '腾讯', 'supporter03@tencent.com', '提供资金支持和市场渠道');

-- ============================================
-- 2. 团队数据 (Team)
-- ============================================
INSERT INTO `Team` (team_id, team_name, leader_id, domain, team_profile) VALUES
(1, '智能医疗研究组', 6, '人工智能', '专注于AI在医疗诊断和治疗中的应用研究'),
(2, '自动驾驶实验室', 7, '自动驾驶', '研发L4/L5级别自动驾驶技术'),
(3, '区块链应用团队', 8, '区块链', '探索区块链在供应链和金融领域的应用'),
(4, '新能源技术组', 9, '新能源', '研发新型电池技术和能源管理系统'),
(5, '物联网创新团队', 10, '物联网', '开发智能家居和工业物联网解决方案');

-- ============================================
-- 3. 团队成员关系 (UserInTeam)
-- ============================================
INSERT INTO `UserInTeam` (record_id, user_id, team_id) VALUES
(1, 6, 1), (2, 11, 1),  -- 智能医疗研究组
(3, 7, 2), (4, 12, 2),  -- 自动驾驶实验室
(5, 8, 3), (6, 13, 3),  -- 区块链应用团队
(7, 9, 4),              -- 新能源技术组
(8, 10, 5);             -- 物联网创新团队

-- ============================================
-- 4. 项目数据 (Project)
-- ============================================
INSERT INTO `Project` (project_id, project_name, team_id, principal_id, domain, maturity_level, submit_time, status, project_description) VALUES
-- 已通过的项目（可以进入孵化）
(1, '基于深度学习的医学影像诊断系统', 1, 6, '人工智能', '小试阶段', '2024-01-15 10:00:00', '孵化中', '利用深度学习技术，开发能够自动识别和分析医学影像的智能诊断系统，提高诊断准确率和效率。'),
(2, 'L4级自动驾驶感知与决策系统', 2, 7, '自动驾驶', '中试阶段', '2024-02-01 14:30:00', '孵化中', '研发具备完整感知、决策和控制能力的L4级自动驾驶系统，适用于城市道路和高速公路场景。'),
(3, '基于区块链的供应链溯源平台', 3, 8, '区块链', '小试阶段', '2024-02-20 09:15:00', '概念验证中', '构建去中心化的供应链溯源系统，确保产品从生产到消费全链条可追溯。'),

-- 已通过但未开始孵化的项目
(4, '新型固态电池技术研发', 4, 9, '新能源', '研发阶段', '2024-03-10 11:20:00', '已通过', '研发高能量密度、快速充电的固态电池技术，解决传统锂电池的安全和性能瓶颈。'),
(5, '智能家居物联网平台', 5, 10, '物联网', '小批量生产阶段', '2024-03-25 16:45:00', '已通过', '构建统一的智能家居物联网平台，实现设备互联互通和智能控制。'),

-- 评审中的项目
(6, '量子计算算法优化研究', 1, 6, '量子计算', '研发阶段', '2024-04-01 10:00:00', '复审中', '研究量子计算算法在优化问题中的应用，提升计算效率。'),
(7, '边缘计算智能网关', 5, 10, '物联网', '小试阶段', '2024-04-05 14:00:00', '初审中', '开发支持边缘计算的智能网关设备，降低云端计算负载。'),

-- 待初审的项目
(8, 'AI辅助药物设计平台', 1, 6, '人工智能', '研发阶段', '2024-04-10 09:00:00', '待初审', '利用AI技术加速新药研发过程，提高药物设计的成功率。');

-- ============================================
-- 5. 经费记录 (FundRecord)
-- ============================================
INSERT INTO `FundRecord` (fund_id, project_id, title, amount) VALUES
(1, 1, '项目启动经费', 500000.00),
(2, 1, '设备采购经费', 300000.00),
(3, 2, '项目启动经费', 800000.00),
(4, 2, '测试场地租赁', 200000.00),
(5, 3, '项目启动经费', 400000.00),
(6, 4, '项目启动经费', 600000.00),
(7, 5, '项目启动经费', 450000.00);

-- ============================================
-- 6. 支出记录 (Expenditure)
-- ============================================
INSERT INTO `Expenditure` (expenditure_id, project_id, title, amount) VALUES
(1, 1, 'GPU服务器采购', 150000.00),
(2, 1, '数据采集费用', 50000.00),
(3, 2, '传感器设备', 200000.00),
(4, 2, '软件开发工具', 80000.00),
(5, 3, '云服务器租赁', 60000.00),
(6, 3, '区块链节点部署', 40000.00);

-- ============================================
-- 7. 评审任务 (ReviewTask)
-- ============================================
INSERT INTO `ReviewTask` (task_id, project_id, reviewer_id, assign_time, deadline, status) VALUES
(1, 1, 3, '2024-01-16 10:00:00', '2024-01-30 18:00:00', '已完成'),
(2, 1, 4, '2024-01-16 10:00:00', '2024-01-30 18:00:00', '已完成'),
(3, 2, 3, '2024-02-02 14:30:00', '2024-02-16 18:00:00', '已完成'),
(4, 2, 5, '2024-02-02 14:30:00', '2024-02-16 18:00:00', '已完成'),
(5, 3, 4, '2024-02-21 09:15:00', '2024-03-07 18:00:00', '已完成'),
(6, 6, 3, '2024-04-02 10:00:00', '2024-04-16 18:00:00', '进行中'),
(7, 7, 4, '2024-04-06 14:00:00', '2024-04-20 18:00:00', '待确认');

-- ============================================
-- 8. 评审意见 (ReviewOpinion)
-- ============================================
INSERT INTO `ReviewOpinion` (opinion_id, task_id, innovation_score, potentiality_score, feasibility_score, teamwork_score, total_score, submit_time, comment) VALUES
(1, 1, 9, 8, 9, 8, 34, '2024-01-25 15:30:00', '项目创新性强，技术路线清晰，团队实力雄厚，建议通过。'),
(2, 2, 8, 9, 8, 9, 34, '2024-01-28 10:20:00', '医学影像诊断是AI应用的重要方向，项目具有很好的市场前景。'),
(3, 3, 9, 9, 8, 8, 34, '2024-02-10 16:45:00', '自动驾驶技术成熟度高，团队具备相关经验，项目可行性好。'),
(4, 4, 8, 8, 9, 8, 33, '2024-02-12 11:30:00', 'L4级自动驾驶是行业热点，建议加强安全性和可靠性验证。'),
(5, 5, 8, 8, 8, 8, 32, '2024-03-01 14:20:00', '区块链溯源应用场景明确，建议关注性能和隐私保护。');

-- ============================================
-- 9. 审核记录 (AuditRecord)
-- ============================================
INSERT INTO `AuditRecord` (record_id, project_id, auditor_id, audit_type, result, submit_time, comment) VALUES
(1, 1, 2, '项目初审', '通过', '2024-01-20 10:00:00', '项目材料齐全，符合初审要求。'),
(2, 1, 2, '复审遴选', '通过', '2024-02-01 14:00:00', '评审意见良好，同意进入孵化阶段。'),
(3, 2, 2, '项目初审', '通过', '2024-02-05 10:00:00', '项目材料完整，技术方案可行。'),
(4, 2, 2, '复审遴选', '通过', '2024-02-20 15:00:00', '评审得分较高，建议进入孵化。'),
(5, 3, 2, '项目初审', '通过', '2024-02-25 09:00:00', '项目符合初审标准。'),
(6, 3, 2, '复审遴选', '通过', '2024-03-10 11:00:00', '同意进入概念验证阶段。'),
(7, 4, 2, '项目初审', '通过', '2024-03-15 10:00:00', '项目材料齐全。'),
(8, 4, 2, '复审遴选', '通过', '2024-03-30 16:00:00', '评审通过，等待孵化安排。'),
(9, 5, 2, '项目初审', '通过', '2024-04-01 09:00:00', '项目符合要求。'),
(10, 5, 2, '复审遴选', '通过', '2024-04-15 14:00:00', '评审通过。');

-- ============================================
-- 10. 成果数据 (Achievement)
-- ============================================
INSERT INTO `Achievement` (achievement_id, title, type, publish_time, source_information) VALUES
(1, '基于深度学习的医学影像诊断算法', '论文', '2024-02-15 10:00:00', 'IEEE Transactions on Medical Imaging, 2024'),
(2, 'L4级自动驾驶感知系统专利', '专利', '2024-03-01 14:00:00', '中国发明专利，申请号：CN2024XXXXXX'),
(3, '区块链溯源平台软件著作权', '软件著作权', '2024-03-20 09:00:00', '软件著作权登记号：2024SRXXXXXX'),
(4, '智能医疗诊断系统原型', '原型', '2024-04-01 11:00:00', '已完成核心功能开发，进入测试阶段'),
(5, '自动驾驶测试报告', '报告', '2024-04-10 15:00:00', '完成1000公里路测，系统稳定性良好');

-- ============================================
-- 11. 项目成果关联 (AchievementOfProject)
-- ============================================
INSERT INTO `AchievementOfProject` (record_id, achievement_id, project_id) VALUES
(1, 1, 1),
(2, 4, 1),
(3, 2, 2),
(4, 5, 2),
(5, 3, 3);

-- ============================================
-- 12. 通知数据 (Notification)
-- ============================================
INSERT INTO `Notification` (notification_id, title, user_id, content, create_time, is_read, redirect_url) VALUES
(1, '项目评审任务分配', 3, '您已被分配评审任务：基于深度学习的医学影像诊断系统', '2024-01-16 10:00:00', 1, '/reviewer/tasks'),
(2, '项目通过复审', 6, '恭喜！您的项目"基于深度学习的医学影像诊断系统"已通过复审，可以开始孵化。', '2024-02-01 14:00:00', 0, '/user/projects/1'),
(3, '经费下拨通知', 6, '您的项目已下拨经费：项目启动经费 500,000.00 元', '2024-02-05 10:00:00', 0, '/user/projects/1/funds'),
(4, '评审任务提醒', 3, '您有评审任务即将到期：量子计算算法优化研究', '2024-04-10 09:00:00', 0, '/reviewer/tasks'),
(5, '资源申请通知', 14, '您发布的资源"生产合同对接"收到新的申请', '2024-04-12 11:00:00', 0, '/supporter/resources');

-- ============================================
-- 13. 孵化记录 (IncubationRecord)
-- ============================================
INSERT INTO `IncubationRecord` (incubation_id, project_id, start_time, planned_end_time, actual_end_time, status, progress, incubation_plan, milestones, resources, challenges, achievements, update_time) VALUES
(1, 1, '2024-02-01 09:00:00', '2024-08-01 18:00:00', NULL, '进行中', 45, '第一阶段：数据采集和模型训练（2个月）\n第二阶段：系统集成和测试（2个月）\n第三阶段：临床试验和优化（2个月）', 
'["原型验证", "中期检查", "结项验收"]', 'GPU服务器、医学影像数据集、临床合作医院', '数据标注质量、模型泛化能力', '完成核心算法开发，准确率达到92%', '2024-04-15 10:00:00'),
(2, 2, '2024-02-20 10:00:00', '2024-11-20 18:00:00', NULL, '进行中', 30, '第一阶段：感知系统开发（3个月）\n第二阶段：决策系统开发（3个月）\n第三阶段：系统集成和路测（3个月）',
'["原型验证", "中期检查", "结项验收"]', '测试车辆、传感器设备、测试场地', '复杂场景处理、安全性验证', '完成感知模块开发，通过初步测试', '2024-04-10 14:00:00');

-- ============================================
-- 14. 概念验证记录 (ProofOfConcept)
-- ============================================
INSERT INTO `ProofOfConcept` (poc_id, project_id, incubation_id, title, description, verification_objective, verification_method, verification_result, status, start_time, end_time, evidence_files, metrics, conclusion, create_time, update_time) VALUES
(1, 3, NULL, '区块链溯源性能验证', '验证区块链溯源平台在高并发场景下的性能表现', 'TPS达到1000以上，延迟低于500ms', '压力测试、性能监控', '通过压力测试，TPS达到1200，平均延迟380ms', '已验证', '2024-03-10 09:00:00', '2024-03-25 18:00:00', 
'["压力测试报告.pdf", "性能监控数据.xlsx"]', '{"tps": 1200, "latency": 380, "throughput": "1.2M/s"}', '系统性能满足设计要求，可以投入生产使用', '2024-03-10 09:00:00', '2024-03-25 18:00:00');

-- ============================================
-- 15. 里程碑数据 (Milestone)
-- ============================================
INSERT INTO `Milestone` (milestone_id, project_id, title, due_date, status, deliverable, create_time, update_time) VALUES
-- 项目1的里程碑
(1, 1, '原型验证', '2024-04-01 18:00:00', '已完成', '完成核心算法原型，准确率达到90%以上', '2024-02-01 09:00:00', '2024-04-01 18:00:00'),
(2, 1, '中期检查', '2024-06-01 18:00:00', '进行中', '完成系统集成，进入测试阶段', '2024-02-01 09:00:00', '2024-04-15 10:00:00'),
(3, 1, '结项验收', '2024-08-01 18:00:00', '未开始', '完成临床试验，提交验收报告', '2024-02-01 09:00:00', '2024-02-01 09:00:00'),

-- 项目2的里程碑
(4, 2, '原型验证', '2024-05-20 18:00:00', '进行中', '完成感知系统原型开发', '2024-02-20 10:00:00', '2024-04-10 14:00:00'),
(5, 2, '中期检查', '2024-08-20 18:00:00', '未开始', '完成决策系统开发', '2024-02-20 10:00:00', '2024-02-20 10:00:00'),
(6, 2, '结项验收', '2024-11-20 18:00:00', '未开始', '完成系统集成和路测，提交验收报告', '2024-02-20 10:00:00', '2024-02-20 10:00:00');

-- ============================================
-- 16. 孵化沟通留言 (IncubationComment)
-- ============================================
INSERT INTO `IncubationComment` (comment_id, project_id, user_id, content, parent_id, create_time) VALUES
(1, 1, 3, '项目进展良好，建议加强数据质量控制，确保模型训练的稳定性。', NULL, '2024-03-01 10:00:00'),
(2, 1, 6, '收到，我们会加强数据标注的质量审核。', 1, '2024-03-01 14:30:00'),
(3, 1, 3, '很好，期待看到下一阶段的成果。', 2, '2024-03-02 09:00:00'),
(4, 2, 4, '感知系统的性能测试结果如何？', NULL, '2024-04-05 11:00:00'),
(5, 2, 7, '已完成初步测试，准确率达到95%，正在优化边缘场景的处理。', 4, '2024-04-06 15:20:00');

-- ============================================
-- 17. 企业支持意向 (SupportIntention)
-- ============================================
INSERT INTO `SupportIntention` (intention_id, project_id, supporter_id, support_type, message, status, create_time, update_time) VALUES
(1, 1, 14, '技术支持', '我们公司可以提供GPU服务器和AI算法优化支持，希望与项目团队合作。', '已对接', '2024-02-10 10:00:00', '2024-02-15 14:00:00'),
(2, 2, 15, '市场渠道', '我们可以提供自动驾驶测试场地和产业资源对接，助力项目产业化。', '待处理', '2024-03-01 11:00:00', '2024-03-01 11:00:00'),
(3, 3, 16, '资金支持', '我们对区块链溯源应用很感兴趣，可以提供资金支持。', '已对接', '2024-03-15 09:00:00', '2024-03-20 16:00:00');

-- ============================================
-- 18. 孵化资源 (IncubationResource)
-- ============================================
INSERT INTO `IncubationResource` (resource_id, provider_id, title, resource_type, description, status, create_time, update_time) VALUES
(1, 14, 'GPU服务器租赁服务', '技术支持', '提供高性能GPU服务器租赁，支持深度学习模型训练，按需付费，灵活配置。', '开放中', '2024-03-01 10:00:00', '2024-03-01 10:00:00'),
(2, 14, '生产合同对接', '生产合同', '为孵化项目提供生产制造合同对接服务，支持小批量试产和大规模生产。', '开放中', '2024-03-05 14:00:00', '2024-03-05 14:00:00'),
(3, 15, '云计算资源支持', '技术支持', '提供阿里云服务器、存储和CDN服务，助力项目快速部署和扩展。', '开放中', '2024-03-10 09:00:00', '2024-03-10 09:00:00'),
(4, 15, '供应链服务对接', '供应链服务', '提供完整的供应链管理服务，包括采购、仓储、物流等一站式解决方案。', '开放中', '2024-03-15 11:00:00', '2024-03-15 11:00:00'),
(5, 16, '孵化场地支持', '场地支持', '提供位于深圳的孵化场地，面积500-2000平米，配备基础办公设施。', '开放中', '2024-03-20 10:00:00', '2024-03-20 10:00:00'),
(6, 16, '创业资金支持', '资金支持', '为优秀孵化项目提供50-500万创业资金支持，股权或债权方式灵活。', '开放中', '2024-04-01 14:00:00', '2024-04-01 14:00:00');

-- ============================================
-- 19. 资源申请 (ResourceApplication)
-- ============================================
INSERT INTO `ResourceApplication` (application_id, resource_id, project_id, applicant_id, status, message, reply, create_time, update_time) VALUES
(1, 1, 1, 6, '对接中', '我们的项目需要GPU服务器进行模型训练，希望申请使用您的GPU服务器租赁服务。', '已收到申请，我们会尽快安排资源对接。', '2024-03-05 10:00:00', '2024-03-06 14:00:00'),
(2, 2, 1, 6, '待处理', '项目进入中试阶段，需要小批量生产，希望对接生产合同服务。', NULL, '2024-04-10 11:00:00', '2024-04-10 11:00:00'),
(3, 3, 2, 7, '已达成', '自动驾驶项目需要云服务器进行数据存储和计算，申请使用云计算资源。', '申请已通过，资源已分配，请查收邮件获取访问凭证。', '2024-03-12 09:00:00', '2024-03-15 16:00:00'),
(4, 5, 3, 8, '待处理', '项目团队需要办公场地，希望申请孵化场地支持。', NULL, '2024-04-05 14:00:00', '2024-04-05 14:00:00');

-- ============================================
-- 数据导入完成
-- ============================================
-- 提示：
-- 1. 所有用户密码统一为 "123456"（bcrypt 哈希已正确生成）
-- 2. 如需重置密码，请运行 backend/generate_password_hash.py 生成新的哈希
-- 3. 测试数据覆盖了所有主要功能模块：
--    - 用户管理（管理员、秘书、评审人、项目参与者、企业支持者）
--    - 团队和项目管理（不同状态的项目）
--    - 评审流程（评审任务、评审意见、审核记录）
--    - 经费管理（经费下拨、支出记录）
--    - 成果管理（成果记录和项目关联）
--    - 孵化管理（孵化记录、里程碑、沟通留言）
--    - 概念验证（PoC记录）
--    - 企业对接（支持意向、资源市场、资源申请）
--    - 通知系统
-- 4. 可以根据需要调整数据内容
-- 5. 执行方式：mysql -u poc_user -pnucifera poc_platform < TEST_DATA.sql
